{"OK": "lightgrey", "HIGH GAIN": [0.8941176470588236, 0.10196078431372549, 0.10980392156862745], "HIGH NOISE": [0.21568627450980393, 0.49411764705882355, 0.7215686274509804], "LOW GAIN": [0.30196078431372547, 0.6862745098039216, 0.2901960784313726]}